﻿<parameters>
  <parameter name="IIS Web Application Name" defaultValue="Default Web Site/" tags="IisApp">
    <parameterEntry kind="ProviderPath" scope="IisApp" match="^C:\\Users\\Mck\\Desktop\\WatchNation\\Oblig1\\Oblig1\\obj\\Debug\\Package\\PackageTmp$" />
    <parameterEntry kind="ProviderPath" scope="setAcl" match="^C:\\Users\\Mck\\Desktop\\WatchNation\\Oblig1\\Oblig1\\obj\\Debug\\Package\\PackageTmp$" />
  </parameter>
  <parameter name="Add write permission to App_Data Folder" description="Add write permission to App_Data folder" defaultValue="{IIS Web Application Name}/App_Data" tags="Hidden">
    <parameterEntry kind="ProviderPath" scope="setAcl" match="^C:\\Users\\Mck\\Desktop\\WatchNation\\Oblig1\\Oblig1\\obj\\Debug\\Package\\PackageTmp\\App_Data$" />
  </parameter>
  <parameter name="DB-Web.config Connection String" description="DB Connection String used in web.config by the application to access the database." defaultValue="Data Source=(LocalDB)\MSSQLLocalDB;AttachDbFilename=|DataDirectory|DBDatabase.mdf;Integrated Security=True" tags="SqlConnectionString">
    <parameterEntry kind="XmlFile" scope="C:\\Users\\Mck\\Desktop\\WatchNation\\Oblig1\\Oblig1\\obj\\Debug\\Package\\PackageTmp\\Web\.config$" match="/configuration/connectionStrings/add[@name='DB']/@connectionString" />
  </parameter>
</parameters>